-- phpMyAdmin SQL Dump
-- version phpStudy 2014
-- http://www.phpmyadmin.net
--
-- 主机: localhost
-- 生成日期: 2019 ?09 ?20 ?17:40
-- 服务器版本: 5.5.47
-- PHP 版本: 5.5.30

SET SQL_MODE="NO_AUTO_VALUE_ON_ZERO";
SET time_zone = "+00:00";


/*!40101 SET @OLD_CHARACTER_SET_CLIENT=@@CHARACTER_SET_CLIENT */;
/*!40101 SET @OLD_CHARACTER_SET_RESULTS=@@CHARACTER_SET_RESULTS */;
/*!40101 SET @OLD_COLLATION_CONNECTION=@@COLLATION_CONNECTION */;
/*!40101 SET NAMES utf8 */;

--
-- 数据库: `xcxfood`
--

-- --------------------------------------------------------

--
-- 表的结构 `pre_collection`
--

CREATE TABLE IF NOT EXISTS `pre_collection` (
  `id` int(11) unsigned NOT NULL AUTO_INCREMENT COMMENT '主键',
  `foodid` int(10) unsigned DEFAULT NULL COMMENT '食物id',
  `userid` int(10) unsigned DEFAULT NULL COMMENT '用户id',
  PRIMARY KEY (`id`),
  KEY `collection_foodid` (`foodid`) USING BTREE,
  KEY `collection_userid` (`userid`) USING BTREE
) ENGINE=InnoDB  DEFAULT CHARSET=utf8 COMMENT='收藏表' AUTO_INCREMENT=16 ;

--
-- 转存表中的数据 `pre_collection`
--

INSERT INTO `pre_collection` (`id`, `foodid`, `userid`) VALUES
(1, 6, 2),
(8, 7, 2),
(10, 8, 2),
(11, 14, 2),
(12, 13, 2),
(13, 15, 2),
(14, 12, 2),
(15, 11, 2);

-- --------------------------------------------------------

--
-- 表的结构 `pre_food`
--

CREATE TABLE IF NOT EXISTS `pre_food` (
  `id` int(10) unsigned NOT NULL AUTO_INCREMENT,
  `name` varchar(255) DEFAULT NULL,
  `thumb` varchar(255) DEFAULT NULL,
  `content` text,
  `cateid` int(10) unsigned DEFAULT NULL,
  `flag` enum('hot','new','top') DEFAULT 'new',
  PRIMARY KEY (`id`),
  KEY `key_cateid` (`cateid`) USING BTREE
) ENGINE=InnoDB  DEFAULT CHARSET=utf8 AUTO_INCREMENT=57 ;

--
-- 转存表中的数据 `pre_food`
--

INSERT INTO `pre_food` (`id`, `name`, `thumb`, `content`, `cateid`, `flag`) VALUES
(1, '经典锅塌豆腐\n', '/static/upload/banner1.jpg', '“锅塌”是山东菜独有的一种烹调方法，它可做鱼，也可做肉，还可做豆腐和蔬菜。锅塌豆腐著名山东菜，成菜呈深黄色，外形整齐，入口鲜香,营养丰富。此菜原料层层叠起豆腐经过调料浸渍，蘸蛋液经油煎，加以鸡汤微火塌制，十分入味，豆腐蛋白质丰富，其生理价值比其他植物蛋白质高，可与肉类蛋白质媲美;含钙量也高，且易于吸收;虾子富含钙、磷等，有助于促进骨骼、牙齿、大脑等生长发育，并增强抵抗力，防止佝偻病、肌肉松弛等。', 1, 'top'),
(2, '经典锅塌豆腐\n', '/static/upload/banner2.jpg', '“锅塌”是山东菜独有的一种烹调方法，它可做鱼，也可做肉，还可做豆腐和蔬菜。锅塌豆腐著名山东菜，成菜呈深黄色，外形整齐，入口鲜香,营养丰富。此菜原料层层叠起豆腐经过调料浸渍，蘸蛋液经油煎，加以鸡汤微火塌制，十分入味，豆腐蛋白质丰富，其生理价值比其他植物蛋白质高，可与肉类蛋白质媲美;含钙量也高，且易于吸收;虾子富含钙、磷等，有助于促进骨骼、牙齿、大脑等生长发育，并增强抵抗力，防止佝偻病、肌肉松弛等。', 1, 'top'),
(3, '经典锅塌豆腐\n', 'https://res1.hoto.cn/02f5f82f59633f0df444eb88.jpg!default', '“锅塌”是山东菜独有的一种烹调方法，它可做鱼，也可做肉，还可做豆腐和蔬菜。锅塌豆腐著名山东菜，成菜呈深黄色，外形整齐，入口鲜香,营养丰富。此菜原料层层叠起豆腐经过调料浸渍，蘸蛋液经油煎，加以鸡汤微火塌制，十分入味，豆腐蛋白质丰富，其生理价值比其他植物蛋白质高，可与肉类蛋白质媲美;含钙量也高，且易于吸收;虾子富含钙、磷等，有助于促进骨骼、牙齿、大脑等生长发育，并增强抵抗力，防止佝偻病、肌肉松弛等。', 1, 'top'),
(4, '经典锅塌豆腐\n', 'https://res1.hoto.cn/02f5f82f59633f0df444eb88.jpg!default', '“锅塌”是山东菜独有的一种烹调方法，它可做鱼，也可做肉，还可做豆腐和蔬菜。锅塌豆腐著名山东菜，成菜呈深黄色，外形整齐，入口鲜香,营养丰富。此菜原料层层叠起豆腐经过调料浸渍，蘸蛋液经油煎，加以鸡汤微火塌制，十分入味，豆腐蛋白质丰富，其生理价值比其他植物蛋白质高，可与肉类蛋白质媲美;含钙量也高，且易于吸收;虾子富含钙、磷等，有助于促进骨骼、牙齿、大脑等生长发育，并增强抵抗力，防止佝偻病、肌肉松弛等。', 1, 'top'),
(5, '经典锅塌豆腐\n', 'https://res1.hoto.cn/02f5f82f59633f0df444eb88.jpg!default', '“锅塌”是山东菜独有的一种烹调方法，它可做鱼，也可做肉，还可做豆腐和蔬菜。锅塌豆腐著名山东菜，成菜呈深黄色，外形整齐，入口鲜香,营养丰富。此菜原料层层叠起豆腐经过调料浸渍，蘸蛋液经油煎，加以鸡汤微火塌制，十分入味，豆腐蛋白质丰富，其生理价值比其他植物蛋白质高，可与肉类蛋白质媲美;含钙量也高，且易于吸收;虾子富含钙、磷等，有助于促进骨骼、牙齿、大脑等生长发育，并增强抵抗力，防止佝偻病、肌肉松弛等。', 1, 'top'),
(6, '经典锅塌豆腐\n', 'https://res1.hoto.cn/02f5f82f59633f0df444eb88.jpg!default', '“锅塌”是山东菜独有的一种烹调方法，它可做鱼，也可做肉，还可做豆腐和蔬菜。锅塌豆腐著名山东菜，成菜呈深黄色，外形整齐，入口鲜香,营养丰富。此菜原料层层叠起豆腐经过调料浸渍，蘸蛋液经油煎，加以鸡汤微火塌制，十分入味，豆腐蛋白质丰富，其生理价值比其他植物蛋白质高，可与肉类蛋白质媲美;含钙量也高，且易于吸收;虾子富含钙、磷等，有助于促进骨骼、牙齿、大脑等生长发育，并增强抵抗力，防止佝偻病、肌肉松弛等。', 1, 'hot'),
(7, '经典锅塌豆腐\n', 'https://res1.hoto.cn/02f5f82f59633f0df444eb88.jpg!default', '“锅塌”是山东菜独有的一种烹调方法，它可做鱼，也可做肉，还可做豆腐和蔬菜。锅塌豆腐著名山东菜，成菜呈深黄色，外形整齐，入口鲜香,营养丰富。此菜原料层层叠起豆腐经过调料浸渍，蘸蛋液经油煎，加以鸡汤微火塌制，十分入味，豆腐蛋白质丰富，其生理价值比其他植物蛋白质高，可与肉类蛋白质媲美;含钙量也高，且易于吸收;虾子富含钙、磷等，有助于促进骨骼、牙齿、大脑等生长发育，并增强抵抗力，防止佝偻病、肌肉松弛等。', 1, 'hot'),
(8, '经典锅塌豆腐\n', 'https://res1.hoto.cn/02f5f82f59633f0df444eb88.jpg!default', '“锅塌”是山东菜独有的一种烹调方法，它可做鱼，也可做肉，还可做豆腐和蔬菜。锅塌豆腐著名山东菜，成菜呈深黄色，外形整齐，入口鲜香,营养丰富。此菜原料层层叠起豆腐经过调料浸渍，蘸蛋液经油煎，加以鸡汤微火塌制，十分入味，豆腐蛋白质丰富，其生理价值比其他植物蛋白质高，可与肉类蛋白质媲美;含钙量也高，且易于吸收;虾子富含钙、磷等，有助于促进骨骼、牙齿、大脑等生长发育，并增强抵抗力，防止佝偻病、肌肉松弛等。', 1, 'hot'),
(9, '经典锅塌豆腐\n', 'https://res1.hoto.cn/02f5f82f59633f0df444eb88.jpg!default', '“锅塌”是山东菜独有的一种烹调方法，它可做鱼，也可做肉，还可做豆腐和蔬菜。锅塌豆腐著名山东菜，成菜呈深黄色，外形整齐，入口鲜香,营养丰富。此菜原料层层叠起豆腐经过调料浸渍，蘸蛋液经油煎，加以鸡汤微火塌制，十分入味，豆腐蛋白质丰富，其生理价值比其他植物蛋白质高，可与肉类蛋白质媲美;含钙量也高，且易于吸收;虾子富含钙、磷等，有助于促进骨骼、牙齿、大脑等生长发育，并增强抵抗力，防止佝偻病、肌肉松弛等。', 1, 'hot'),
(10, '经典锅塌豆腐\n', 'https://res1.hoto.cn/02f5f82f59633f0df444eb88.jpg!default', '“锅塌”是山东菜独有的一种烹调方法，它可做鱼，也可做肉，还可做豆腐和蔬菜。锅塌豆腐著名山东菜，成菜呈深黄色，外形整齐，入口鲜香,营养丰富。此菜原料层层叠起豆腐经过调料浸渍，蘸蛋液经油煎，加以鸡汤微火塌制，十分入味，豆腐蛋白质丰富，其生理价值比其他植物蛋白质高，可与肉类蛋白质媲美;含钙量也高，且易于吸收;虾子富含钙、磷等，有助于促进骨骼、牙齿、大脑等生长发育，并增强抵抗力，防止佝偻病、肌肉松弛等。', 1, 'hot'),
(11, '经典锅塌豆腐\n', 'https://res1.hoto.cn/02f5f82f59633f0df444eb88.jpg!default', '“锅塌”是山东菜独有的一种烹调方法，它可做鱼，也可做肉，还可做豆腐和蔬菜。锅塌豆腐著名山东菜，成菜呈深黄色，外形整齐，入口鲜香,营养丰富。此菜原料层层叠起豆腐经过调料浸渍，蘸蛋液经油煎，加以鸡汤微火塌制，十分入味，豆腐蛋白质丰富，其生理价值比其他植物蛋白质高，可与肉类蛋白质媲美;含钙量也高，且易于吸收;虾子富含钙、磷等，有助于促进骨骼、牙齿、大脑等生长发育，并增强抵抗力，防止佝偻病、肌肉松弛等。', 2, 'hot'),
(12, '经典锅塌豆腐\n', 'https://res1.hoto.cn/02f5f82f59633f0df444eb88.jpg!default', '“锅塌”是山东菜独有的一种烹调方法，它可做鱼，也可做肉，还可做豆腐和蔬菜。锅塌豆腐著名山东菜，成菜呈深黄色，外形整齐，入口鲜香,营养丰富。此菜原料层层叠起豆腐经过调料浸渍，蘸蛋液经油煎，加以鸡汤微火塌制，十分入味，豆腐蛋白质丰富，其生理价值比其他植物蛋白质高，可与肉类蛋白质媲美;含钙量也高，且易于吸收;虾子富含钙、磷等，有助于促进骨骼、牙齿、大脑等生长发育，并增强抵抗力，防止佝偻病、肌肉松弛等。', 2, 'hot'),
(13, '经典锅塌豆腐\n', 'https://res1.hoto.cn/02f5f82f59633f0df444eb88.jpg!default', '“锅塌”是山东菜独有的一种烹调方法，它可做鱼，也可做肉，还可做豆腐和蔬菜。锅塌豆腐著名山东菜，成菜呈深黄色，外形整齐，入口鲜香,营养丰富。此菜原料层层叠起豆腐经过调料浸渍，蘸蛋液经油煎，加以鸡汤微火塌制，十分入味，豆腐蛋白质丰富，其生理价值比其他植物蛋白质高，可与肉类蛋白质媲美;含钙量也高，且易于吸收;虾子富含钙、磷等，有助于促进骨骼、牙齿、大脑等生长发育，并增强抵抗力，防止佝偻病、肌肉松弛等。', 2, 'hot'),
(14, '经典锅塌豆腐\n', 'https://res1.hoto.cn/02f5f82f59633f0df444eb88.jpg!default', '“锅塌”是山东菜独有的一种烹调方法，它可做鱼，也可做肉，还可做豆腐和蔬菜。锅塌豆腐著名山东菜，成菜呈深黄色，外形整齐，入口鲜香,营养丰富。此菜原料层层叠起豆腐经过调料浸渍，蘸蛋液经油煎，加以鸡汤微火塌制，十分入味，豆腐蛋白质丰富，其生理价值比其他植物蛋白质高，可与肉类蛋白质媲美;含钙量也高，且易于吸收;虾子富含钙、磷等，有助于促进骨骼、牙齿、大脑等生长发育，并增强抵抗力，防止佝偻病、肌肉松弛等。', 2, 'hot'),
(15, '经典锅塌豆腐\n', 'https://res1.hoto.cn/02f5f82f59633f0df444eb88.jpg!default', '“锅塌”是山东菜独有的一种烹调方法，它可做鱼，也可做肉，还可做豆腐和蔬菜。锅塌豆腐著名山东菜，成菜呈深黄色，外形整齐，入口鲜香,营养丰富。此菜原料层层叠起豆腐经过调料浸渍，蘸蛋液经油煎，加以鸡汤微火塌制，十分入味，豆腐蛋白质丰富，其生理价值比其他植物蛋白质高，可与肉类蛋白质媲美;含钙量也高，且易于吸收;虾子富含钙、磷等，有助于促进骨骼、牙齿、大脑等生长发育，并增强抵抗力，防止佝偻病、肌肉松弛等。', 2, 'hot'),
(16, '经典锅塌豆腐\n', 'https://res1.hoto.cn/02f5f82f59633f0df444eb88.jpg!default', '“锅塌”是山东菜独有的一种烹调方法，它可做鱼，也可做肉，还可做豆腐和蔬菜。锅塌豆腐著名山东菜，成菜呈深黄色，外形整齐，入口鲜香,营养丰富。此菜原料层层叠起豆腐经过调料浸渍，蘸蛋液经油煎，加以鸡汤微火塌制，十分入味，豆腐蛋白质丰富，其生理价值比其他植物蛋白质高，可与肉类蛋白质媲美;含钙量也高，且易于吸收;虾子富含钙、磷等，有助于促进骨骼、牙齿、大脑等生长发育，并增强抵抗力，防止佝偻病、肌肉松弛等。', 2, 'new'),
(17, '经典锅塌豆腐\n', 'https://res1.hoto.cn/02f5f82f59633f0df444eb88.jpg!default', '“锅塌”是山东菜独有的一种烹调方法，它可做鱼，也可做肉，还可做豆腐和蔬菜。锅塌豆腐著名山东菜，成菜呈深黄色，外形整齐，入口鲜香,营养丰富。此菜原料层层叠起豆腐经过调料浸渍，蘸蛋液经油煎，加以鸡汤微火塌制，十分入味，豆腐蛋白质丰富，其生理价值比其他植物蛋白质高，可与肉类蛋白质媲美;含钙量也高，且易于吸收;虾子富含钙、磷等，有助于促进骨骼、牙齿、大脑等生长发育，并增强抵抗力，防止佝偻病、肌肉松弛等。', 2, 'new'),
(18, '经典锅塌豆腐\n', 'https://res1.hoto.cn/02f5f82f59633f0df444eb88.jpg!default', '“锅塌”是山东菜独有的一种烹调方法，它可做鱼，也可做肉，还可做豆腐和蔬菜。锅塌豆腐著名山东菜，成菜呈深黄色，外形整齐，入口鲜香,营养丰富。此菜原料层层叠起豆腐经过调料浸渍，蘸蛋液经油煎，加以鸡汤微火塌制，十分入味，豆腐蛋白质丰富，其生理价值比其他植物蛋白质高，可与肉类蛋白质媲美;含钙量也高，且易于吸收;虾子富含钙、磷等，有助于促进骨骼、牙齿、大脑等生长发育，并增强抵抗力，防止佝偻病、肌肉松弛等。', 2, 'new'),
(19, '经典锅塌豆腐\n', 'https://res1.hoto.cn/02f5f82f59633f0df444eb88.jpg!default', '“锅塌”是山东菜独有的一种烹调方法，它可做鱼，也可做肉，还可做豆腐和蔬菜。锅塌豆腐著名山东菜，成菜呈深黄色，外形整齐，入口鲜香,营养丰富。此菜原料层层叠起豆腐经过调料浸渍，蘸蛋液经油煎，加以鸡汤微火塌制，十分入味，豆腐蛋白质丰富，其生理价值比其他植物蛋白质高，可与肉类蛋白质媲美;含钙量也高，且易于吸收;虾子富含钙、磷等，有助于促进骨骼、牙齿、大脑等生长发育，并增强抵抗力，防止佝偻病、肌肉松弛等。', 2, 'new'),
(20, '经典锅塌豆腐\n', 'https://res1.hoto.cn/02f5f82f59633f0df444eb88.jpg!default', '“锅塌”是山东菜独有的一种烹调方法，它可做鱼，也可做肉，还可做豆腐和蔬菜。锅塌豆腐著名山东菜，成菜呈深黄色，外形整齐，入口鲜香,营养丰富。此菜原料层层叠起豆腐经过调料浸渍，蘸蛋液经油煎，加以鸡汤微火塌制，十分入味，豆腐蛋白质丰富，其生理价值比其他植物蛋白质高，可与肉类蛋白质媲美;含钙量也高，且易于吸收;虾子富含钙、磷等，有助于促进骨骼、牙齿、大脑等生长发育，并增强抵抗力，防止佝偻病、肌肉松弛等。', 2, 'new'),
(21, '经典锅塌豆腐\n', 'https://res1.hoto.cn/02f5f82f59633f0df444eb88.jpg!default', '“锅塌”是山东菜独有的一种烹调方法，它可做鱼，也可做肉，还可做豆腐和蔬菜。锅塌豆腐著名山东菜，成菜呈深黄色，外形整齐，入口鲜香,营养丰富。此菜原料层层叠起豆腐经过调料浸渍，蘸蛋液经油煎，加以鸡汤微火塌制，十分入味，豆腐蛋白质丰富，其生理价值比其他植物蛋白质高，可与肉类蛋白质媲美;含钙量也高，且易于吸收;虾子富含钙、磷等，有助于促进骨骼、牙齿、大脑等生长发育，并增强抵抗力，防止佝偻病、肌肉松弛等。', 3, 'new'),
(22, '经典锅塌豆腐\n', 'https://res1.hoto.cn/02f5f82f59633f0df444eb88.jpg!default', '“锅塌”是山东菜独有的一种烹调方法，它可做鱼，也可做肉，还可做豆腐和蔬菜。锅塌豆腐著名山东菜，成菜呈深黄色，外形整齐，入口鲜香,营养丰富。此菜原料层层叠起豆腐经过调料浸渍，蘸蛋液经油煎，加以鸡汤微火塌制，十分入味，豆腐蛋白质丰富，其生理价值比其他植物蛋白质高，可与肉类蛋白质媲美;含钙量也高，且易于吸收;虾子富含钙、磷等，有助于促进骨骼、牙齿、大脑等生长发育，并增强抵抗力，防止佝偻病、肌肉松弛等。', 3, 'new'),
(23, '经典锅塌豆腐\n', 'https://res1.hoto.cn/02f5f82f59633f0df444eb88.jpg!default', '“锅塌”是山东菜独有的一种烹调方法，它可做鱼，也可做肉，还可做豆腐和蔬菜。锅塌豆腐著名山东菜，成菜呈深黄色，外形整齐，入口鲜香,营养丰富。此菜原料层层叠起豆腐经过调料浸渍，蘸蛋液经油煎，加以鸡汤微火塌制，十分入味，豆腐蛋白质丰富，其生理价值比其他植物蛋白质高，可与肉类蛋白质媲美;含钙量也高，且易于吸收;虾子富含钙、磷等，有助于促进骨骼、牙齿、大脑等生长发育，并增强抵抗力，防止佝偻病、肌肉松弛等。', 3, 'new'),
(24, '经典锅塌豆腐\n', 'https://res1.hoto.cn/02f5f82f59633f0df444eb88.jpg!default', '“锅塌”是山东菜独有的一种烹调方法，它可做鱼，也可做肉，还可做豆腐和蔬菜。锅塌豆腐著名山东菜，成菜呈深黄色，外形整齐，入口鲜香,营养丰富。此菜原料层层叠起豆腐经过调料浸渍，蘸蛋液经油煎，加以鸡汤微火塌制，十分入味，豆腐蛋白质丰富，其生理价值比其他植物蛋白质高，可与肉类蛋白质媲美;含钙量也高，且易于吸收;虾子富含钙、磷等，有助于促进骨骼、牙齿、大脑等生长发育，并增强抵抗力，防止佝偻病、肌肉松弛等。', 3, 'new'),
(25, '经典锅塌豆腐\n', 'https://res1.hoto.cn/02f5f82f59633f0df444eb88.jpg!default', '“锅塌”是山东菜独有的一种烹调方法，它可做鱼，也可做肉，还可做豆腐和蔬菜。锅塌豆腐著名山东菜，成菜呈深黄色，外形整齐，入口鲜香,营养丰富。此菜原料层层叠起豆腐经过调料浸渍，蘸蛋液经油煎，加以鸡汤微火塌制，十分入味，豆腐蛋白质丰富，其生理价值比其他植物蛋白质高，可与肉类蛋白质媲美;含钙量也高，且易于吸收;虾子富含钙、磷等，有助于促进骨骼、牙齿、大脑等生长发育，并增强抵抗力，防止佝偻病、肌肉松弛等。', 3, 'new'),
(26, '经典锅塌豆腐\n', 'https://res1.hoto.cn/02f5f82f59633f0df444eb88.jpg!default', '“锅塌”是山东菜独有的一种烹调方法，它可做鱼，也可做肉，还可做豆腐和蔬菜。锅塌豆腐著名山东菜，成菜呈深黄色，外形整齐，入口鲜香,营养丰富。此菜原料层层叠起豆腐经过调料浸渍，蘸蛋液经油煎，加以鸡汤微火塌制，十分入味，豆腐蛋白质丰富，其生理价值比其他植物蛋白质高，可与肉类蛋白质媲美;含钙量也高，且易于吸收;虾子富含钙、磷等，有助于促进骨骼、牙齿、大脑等生长发育，并增强抵抗力，防止佝偻病、肌肉松弛等。', 3, 'new'),
(27, '经典锅塌豆腐\n', 'https://res1.hoto.cn/02f5f82f59633f0df444eb88.jpg!default', '“锅塌”是山东菜独有的一种烹调方法，它可做鱼，也可做肉，还可做豆腐和蔬菜。锅塌豆腐著名山东菜，成菜呈深黄色，外形整齐，入口鲜香,营养丰富。此菜原料层层叠起豆腐经过调料浸渍，蘸蛋液经油煎，加以鸡汤微火塌制，十分入味，豆腐蛋白质丰富，其生理价值比其他植物蛋白质高，可与肉类蛋白质媲美;含钙量也高，且易于吸收;虾子富含钙、磷等，有助于促进骨骼、牙齿、大脑等生长发育，并增强抵抗力，防止佝偻病、肌肉松弛等。', 3, 'new'),
(28, '经典锅塌豆腐\n', 'https://res1.hoto.cn/02f5f82f59633f0df444eb88.jpg!default', '“锅塌”是山东菜独有的一种烹调方法，它可做鱼，也可做肉，还可做豆腐和蔬菜。锅塌豆腐著名山东菜，成菜呈深黄色，外形整齐，入口鲜香,营养丰富。此菜原料层层叠起豆腐经过调料浸渍，蘸蛋液经油煎，加以鸡汤微火塌制，十分入味，豆腐蛋白质丰富，其生理价值比其他植物蛋白质高，可与肉类蛋白质媲美;含钙量也高，且易于吸收;虾子富含钙、磷等，有助于促进骨骼、牙齿、大脑等生长发育，并增强抵抗力，防止佝偻病、肌肉松弛等。', 3, 'new'),
(29, '经典锅塌豆腐\n', 'https://res1.hoto.cn/02f5f82f59633f0df444eb88.jpg!default', '“锅塌”是山东菜独有的一种烹调方法，它可做鱼，也可做肉，还可做豆腐和蔬菜。锅塌豆腐著名山东菜，成菜呈深黄色，外形整齐，入口鲜香,营养丰富。此菜原料层层叠起豆腐经过调料浸渍，蘸蛋液经油煎，加以鸡汤微火塌制，十分入味，豆腐蛋白质丰富，其生理价值比其他植物蛋白质高，可与肉类蛋白质媲美;含钙量也高，且易于吸收;虾子富含钙、磷等，有助于促进骨骼、牙齿、大脑等生长发育，并增强抵抗力，防止佝偻病、肌肉松弛等。', 3, 'new'),
(30, '经典锅塌豆腐\n', 'https://res1.hoto.cn/02f5f82f59633f0df444eb88.jpg!default', '“锅塌”是山东菜独有的一种烹调方法，它可做鱼，也可做肉，还可做豆腐和蔬菜。锅塌豆腐著名山东菜，成菜呈深黄色，外形整齐，入口鲜香,营养丰富。此菜原料层层叠起豆腐经过调料浸渍，蘸蛋液经油煎，加以鸡汤微火塌制，十分入味，豆腐蛋白质丰富，其生理价值比其他植物蛋白质高，可与肉类蛋白质媲美;含钙量也高，且易于吸收;虾子富含钙、磷等，有助于促进骨骼、牙齿、大脑等生长发育，并增强抵抗力，防止佝偻病、肌肉松弛等。', 3, 'new'),
(31, '经典锅塌豆腐\n', 'https://res1.hoto.cn/02f5f82f59633f0df444eb88.jpg!default', '“锅塌”是山东菜独有的一种烹调方法，它可做鱼，也可做肉，还可做豆腐和蔬菜。锅塌豆腐著名山东菜，成菜呈深黄色，外形整齐，入口鲜香,营养丰富。此菜原料层层叠起豆腐经过调料浸渍，蘸蛋液经油煎，加以鸡汤微火塌制，十分入味，豆腐蛋白质丰富，其生理价值比其他植物蛋白质高，可与肉类蛋白质媲美;含钙量也高，且易于吸收;虾子富含钙、磷等，有助于促进骨骼、牙齿、大脑等生长发育，并增强抵抗力，防止佝偻病、肌肉松弛等。', 4, 'new'),
(32, '经典锅塌豆腐\n', 'https://res1.hoto.cn/02f5f82f59633f0df444eb88.jpg!default', '“锅塌”是山东菜独有的一种烹调方法，它可做鱼，也可做肉，还可做豆腐和蔬菜。锅塌豆腐著名山东菜，成菜呈深黄色，外形整齐，入口鲜香,营养丰富。此菜原料层层叠起豆腐经过调料浸渍，蘸蛋液经油煎，加以鸡汤微火塌制，十分入味，豆腐蛋白质丰富，其生理价值比其他植物蛋白质高，可与肉类蛋白质媲美;含钙量也高，且易于吸收;虾子富含钙、磷等，有助于促进骨骼、牙齿、大脑等生长发育，并增强抵抗力，防止佝偻病、肌肉松弛等。', 4, 'new'),
(33, '经典锅塌豆腐\n', 'https://res1.hoto.cn/02f5f82f59633f0df444eb88.jpg!default', '“锅塌”是山东菜独有的一种烹调方法，它可做鱼，也可做肉，还可做豆腐和蔬菜。锅塌豆腐著名山东菜，成菜呈深黄色，外形整齐，入口鲜香,营养丰富。此菜原料层层叠起豆腐经过调料浸渍，蘸蛋液经油煎，加以鸡汤微火塌制，十分入味，豆腐蛋白质丰富，其生理价值比其他植物蛋白质高，可与肉类蛋白质媲美;含钙量也高，且易于吸收;虾子富含钙、磷等，有助于促进骨骼、牙齿、大脑等生长发育，并增强抵抗力，防止佝偻病、肌肉松弛等。', 4, 'new'),
(34, '经典锅塌豆腐\n', 'https://res1.hoto.cn/02f5f82f59633f0df444eb88.jpg!default', '“锅塌”是山东菜独有的一种烹调方法，它可做鱼，也可做肉，还可做豆腐和蔬菜。锅塌豆腐著名山东菜，成菜呈深黄色，外形整齐，入口鲜香,营养丰富。此菜原料层层叠起豆腐经过调料浸渍，蘸蛋液经油煎，加以鸡汤微火塌制，十分入味，豆腐蛋白质丰富，其生理价值比其他植物蛋白质高，可与肉类蛋白质媲美;含钙量也高，且易于吸收;虾子富含钙、磷等，有助于促进骨骼、牙齿、大脑等生长发育，并增强抵抗力，防止佝偻病、肌肉松弛等。', 4, 'new'),
(35, '经典锅塌豆腐\n', 'https://res1.hoto.cn/02f5f82f59633f0df444eb88.jpg!default', '“锅塌”是山东菜独有的一种烹调方法，它可做鱼，也可做肉，还可做豆腐和蔬菜。锅塌豆腐著名山东菜，成菜呈深黄色，外形整齐，入口鲜香,营养丰富。此菜原料层层叠起豆腐经过调料浸渍，蘸蛋液经油煎，加以鸡汤微火塌制，十分入味，豆腐蛋白质丰富，其生理价值比其他植物蛋白质高，可与肉类蛋白质媲美;含钙量也高，且易于吸收;虾子富含钙、磷等，有助于促进骨骼、牙齿、大脑等生长发育，并增强抵抗力，防止佝偻病、肌肉松弛等。', 4, 'new'),
(36, '经典锅塌豆腐\n', 'https://res1.hoto.cn/02f5f82f59633f0df444eb88.jpg!default', '“锅塌”是山东菜独有的一种烹调方法，它可做鱼，也可做肉，还可做豆腐和蔬菜。锅塌豆腐著名山东菜，成菜呈深黄色，外形整齐，入口鲜香,营养丰富。此菜原料层层叠起豆腐经过调料浸渍，蘸蛋液经油煎，加以鸡汤微火塌制，十分入味，豆腐蛋白质丰富，其生理价值比其他植物蛋白质高，可与肉类蛋白质媲美;含钙量也高，且易于吸收;虾子富含钙、磷等，有助于促进骨骼、牙齿、大脑等生长发育，并增强抵抗力，防止佝偻病、肌肉松弛等。', 4, 'new'),
(37, '经典锅塌豆腐\n', 'https://res1.hoto.cn/02f5f82f59633f0df444eb88.jpg!default', '“锅塌”是山东菜独有的一种烹调方法，它可做鱼，也可做肉，还可做豆腐和蔬菜。锅塌豆腐著名山东菜，成菜呈深黄色，外形整齐，入口鲜香,营养丰富。此菜原料层层叠起豆腐经过调料浸渍，蘸蛋液经油煎，加以鸡汤微火塌制，十分入味，豆腐蛋白质丰富，其生理价值比其他植物蛋白质高，可与肉类蛋白质媲美;含钙量也高，且易于吸收;虾子富含钙、磷等，有助于促进骨骼、牙齿、大脑等生长发育，并增强抵抗力，防止佝偻病、肌肉松弛等。', 4, 'new'),
(38, '经典锅塌豆腐\n', 'https://res1.hoto.cn/02f5f82f59633f0df444eb88.jpg!default', '“锅塌”是山东菜独有的一种烹调方法，它可做鱼，也可做肉，还可做豆腐和蔬菜。锅塌豆腐著名山东菜，成菜呈深黄色，外形整齐，入口鲜香,营养丰富。此菜原料层层叠起豆腐经过调料浸渍，蘸蛋液经油煎，加以鸡汤微火塌制，十分入味，豆腐蛋白质丰富，其生理价值比其他植物蛋白质高，可与肉类蛋白质媲美;含钙量也高，且易于吸收;虾子富含钙、磷等，有助于促进骨骼、牙齿、大脑等生长发育，并增强抵抗力，防止佝偻病、肌肉松弛等。', 4, 'new'),
(39, '经典锅塌豆腐\n', 'https://res1.hoto.cn/02f5f82f59633f0df444eb88.jpg!default', '“锅塌”是山东菜独有的一种烹调方法，它可做鱼，也可做肉，还可做豆腐和蔬菜。锅塌豆腐著名山东菜，成菜呈深黄色，外形整齐，入口鲜香,营养丰富。此菜原料层层叠起豆腐经过调料浸渍，蘸蛋液经油煎，加以鸡汤微火塌制，十分入味，豆腐蛋白质丰富，其生理价值比其他植物蛋白质高，可与肉类蛋白质媲美;含钙量也高，且易于吸收;虾子富含钙、磷等，有助于促进骨骼、牙齿、大脑等生长发育，并增强抵抗力，防止佝偻病、肌肉松弛等。', 4, 'new'),
(40, '经典锅塌豆腐\n', 'https://res1.hoto.cn/02f5f82f59633f0df444eb88.jpg!default', '“锅塌”是山东菜独有的一种烹调方法，它可做鱼，也可做肉，还可做豆腐和蔬菜。锅塌豆腐著名山东菜，成菜呈深黄色，外形整齐，入口鲜香,营养丰富。此菜原料层层叠起豆腐经过调料浸渍，蘸蛋液经油煎，加以鸡汤微火塌制，十分入味，豆腐蛋白质丰富，其生理价值比其他植物蛋白质高，可与肉类蛋白质媲美;含钙量也高，且易于吸收;虾子富含钙、磷等，有助于促进骨骼、牙齿、大脑等生长发育，并增强抵抗力，防止佝偻病、肌肉松弛等。', 4, 'new'),
(41, '经典锅塌豆腐\n', 'https://res1.hoto.cn/02f5f82f59633f0df444eb88.jpg!default', '“锅塌”是山东菜独有的一种烹调方法，它可做鱼，也可做肉，还可做豆腐和蔬菜。锅塌豆腐著名山东菜，成菜呈深黄色，外形整齐，入口鲜香,营养丰富。此菜原料层层叠起豆腐经过调料浸渍，蘸蛋液经油煎，加以鸡汤微火塌制，十分入味，豆腐蛋白质丰富，其生理价值比其他植物蛋白质高，可与肉类蛋白质媲美;含钙量也高，且易于吸收;虾子富含钙、磷等，有助于促进骨骼、牙齿、大脑等生长发育，并增强抵抗力，防止佝偻病、肌肉松弛等。', 4, 'new'),
(42, '经典锅塌豆腐\n', 'https://res1.hoto.cn/02f5f82f59633f0df444eb88.jpg!default', '“锅塌”是山东菜独有的一种烹调方法，它可做鱼，也可做肉，还可做豆腐和蔬菜。锅塌豆腐著名山东菜，成菜呈深黄色，外形整齐，入口鲜香,营养丰富。此菜原料层层叠起豆腐经过调料浸渍，蘸蛋液经油煎，加以鸡汤微火塌制，十分入味，豆腐蛋白质丰富，其生理价值比其他植物蛋白质高，可与肉类蛋白质媲美;含钙量也高，且易于吸收;虾子富含钙、磷等，有助于促进骨骼、牙齿、大脑等生长发育，并增强抵抗力，防止佝偻病、肌肉松弛等。', 4, 'new'),
(43, '经典锅塌豆腐\n', 'https://res1.hoto.cn/02f5f82f59633f0df444eb88.jpg!default', '“锅塌”是山东菜独有的一种烹调方法，它可做鱼，也可做肉，还可做豆腐和蔬菜。锅塌豆腐著名山东菜，成菜呈深黄色，外形整齐，入口鲜香,营养丰富。此菜原料层层叠起豆腐经过调料浸渍，蘸蛋液经油煎，加以鸡汤微火塌制，十分入味，豆腐蛋白质丰富，其生理价值比其他植物蛋白质高，可与肉类蛋白质媲美;含钙量也高，且易于吸收;虾子富含钙、磷等，有助于促进骨骼、牙齿、大脑等生长发育，并增强抵抗力，防止佝偻病、肌肉松弛等。', 4, 'new'),
(44, '经典锅塌豆腐\n', 'https://res1.hoto.cn/02f5f82f59633f0df444eb88.jpg!default', '“锅塌”是山东菜独有的一种烹调方法，它可做鱼，也可做肉，还可做豆腐和蔬菜。锅塌豆腐著名山东菜，成菜呈深黄色，外形整齐，入口鲜香,营养丰富。此菜原料层层叠起豆腐经过调料浸渍，蘸蛋液经油煎，加以鸡汤微火塌制，十分入味，豆腐蛋白质丰富，其生理价值比其他植物蛋白质高，可与肉类蛋白质媲美;含钙量也高，且易于吸收;虾子富含钙、磷等，有助于促进骨骼、牙齿、大脑等生长发育，并增强抵抗力，防止佝偻病、肌肉松弛等。', 4, 'new'),
(45, '经典锅塌豆腐\n', 'https://res1.hoto.cn/02f5f82f59633f0df444eb88.jpg!default', '“锅塌”是山东菜独有的一种烹调方法，它可做鱼，也可做肉，还可做豆腐和蔬菜。锅塌豆腐著名山东菜，成菜呈深黄色，外形整齐，入口鲜香,营养丰富。此菜原料层层叠起豆腐经过调料浸渍，蘸蛋液经油煎，加以鸡汤微火塌制，十分入味，豆腐蛋白质丰富，其生理价值比其他植物蛋白质高，可与肉类蛋白质媲美;含钙量也高，且易于吸收;虾子富含钙、磷等，有助于促进骨骼、牙齿、大脑等生长发育，并增强抵抗力，防止佝偻病、肌肉松弛等。', 4, 'new'),
(46, '经典锅塌豆腐\n', 'https://res1.hoto.cn/02f5f82f59633f0df444eb88.jpg!default', '“锅塌”是山东菜独有的一种烹调方法，它可做鱼，也可做肉，还可做豆腐和蔬菜。锅塌豆腐著名山东菜，成菜呈深黄色，外形整齐，入口鲜香,营养丰富。此菜原料层层叠起豆腐经过调料浸渍，蘸蛋液经油煎，加以鸡汤微火塌制，十分入味，豆腐蛋白质丰富，其生理价值比其他植物蛋白质高，可与肉类蛋白质媲美;含钙量也高，且易于吸收;虾子富含钙、磷等，有助于促进骨骼、牙齿、大脑等生长发育，并增强抵抗力，防止佝偻病、肌肉松弛等。', 4, 'new'),
(47, '经典锅塌豆腐\n', 'https://res1.hoto.cn/02f5f82f59633f0df444eb88.jpg!default', '“锅塌”是山东菜独有的一种烹调方法，它可做鱼，也可做肉，还可做豆腐和蔬菜。锅塌豆腐著名山东菜，成菜呈深黄色，外形整齐，入口鲜香,营养丰富。此菜原料层层叠起豆腐经过调料浸渍，蘸蛋液经油煎，加以鸡汤微火塌制，十分入味，豆腐蛋白质丰富，其生理价值比其他植物蛋白质高，可与肉类蛋白质媲美;含钙量也高，且易于吸收;虾子富含钙、磷等，有助于促进骨骼、牙齿、大脑等生长发育，并增强抵抗力，防止佝偻病、肌肉松弛等。', 4, 'new'),
(48, '经典锅塌豆腐\n', 'https://res1.hoto.cn/02f5f82f59633f0df444eb88.jpg!default', '“锅塌”是山东菜独有的一种烹调方法，它可做鱼，也可做肉，还可做豆腐和蔬菜。锅塌豆腐著名山东菜，成菜呈深黄色，外形整齐，入口鲜香,营养丰富。此菜原料层层叠起豆腐经过调料浸渍，蘸蛋液经油煎，加以鸡汤微火塌制，十分入味，豆腐蛋白质丰富，其生理价值比其他植物蛋白质高，可与肉类蛋白质媲美;含钙量也高，且易于吸收;虾子富含钙、磷等，有助于促进骨骼、牙齿、大脑等生长发育，并增强抵抗力，防止佝偻病、肌肉松弛等。', 4, 'new'),
(49, '经典锅塌豆腐\n', 'https://res1.hoto.cn/02f5f82f59633f0df444eb88.jpg!default', '“锅塌”是山东菜独有的一种烹调方法，它可做鱼，也可做肉，还可做豆腐和蔬菜。锅塌豆腐著名山东菜，成菜呈深黄色，外形整齐，入口鲜香,营养丰富。此菜原料层层叠起豆腐经过调料浸渍，蘸蛋液经油煎，加以鸡汤微火塌制，十分入味，豆腐蛋白质丰富，其生理价值比其他植物蛋白质高，可与肉类蛋白质媲美;含钙量也高，且易于吸收;虾子富含钙、磷等，有助于促进骨骼、牙齿、大脑等生长发育，并增强抵抗力，防止佝偻病、肌肉松弛等。', 4, 'new'),
(50, '经典锅塌豆腐\n', 'https://res1.hoto.cn/02f5f82f59633f0df444eb88.jpg!default', '“锅塌”是山东菜独有的一种烹调方法，它可做鱼，也可做肉，还可做豆腐和蔬菜。锅塌豆腐著名山东菜，成菜呈深黄色，外形整齐，入口鲜香,营养丰富。此菜原料层层叠起豆腐经过调料浸渍，蘸蛋液经油煎，加以鸡汤微火塌制，十分入味，豆腐蛋白质丰富，其生理价值比其他植物蛋白质高，可与肉类蛋白质媲美;含钙量也高，且易于吸收;虾子富含钙、磷等，有助于促进骨骼、牙齿、大脑等生长发育，并增强抵抗力，防止佝偻病、肌肉松弛等。', 4, 'new'),
(51, '经典锅塌豆腐\n', 'https://res1.hoto.cn/02f5f82f59633f0df444eb88.jpg!default', '“锅塌”是山东菜独有的一种烹调方法，它可做鱼，也可做肉，还可做豆腐和蔬菜。锅塌豆腐著名山东菜，成菜呈深黄色，外形整齐，入口鲜香,营养丰富。此菜原料层层叠起豆腐经过调料浸渍，蘸蛋液经油煎，加以鸡汤微火塌制，十分入味，豆腐蛋白质丰富，其生理价值比其他植物蛋白质高，可与肉类蛋白质媲美;含钙量也高，且易于吸收;虾子富含钙、磷等，有助于促进骨骼、牙齿、大脑等生长发育，并增强抵抗力，防止佝偻病、肌肉松弛等。', 6, 'new'),
(52, '经典锅塌豆腐\n', 'https://res1.hoto.cn/02f5f82f59633f0df444eb88.jpg!default', '“锅塌”是山东菜独有的一种烹调方法，它可做鱼，也可做肉，还可做豆腐和蔬菜。锅塌豆腐著名山东菜，成菜呈深黄色，外形整齐，入口鲜香,营养丰富。此菜原料层层叠起豆腐经过调料浸渍，蘸蛋液经油煎，加以鸡汤微火塌制，十分入味，豆腐蛋白质丰富，其生理价值比其他植物蛋白质高，可与肉类蛋白质媲美;含钙量也高，且易于吸收;虾子富含钙、磷等，有助于促进骨骼、牙齿、大脑等生长发育，并增强抵抗力，防止佝偻病、肌肉松弛等。', 6, 'new'),
(53, '经典锅塌豆腐\n', 'https://res1.hoto.cn/02f5f82f59633f0df444eb88.jpg!default', '“锅塌”是山东菜独有的一种烹调方法，它可做鱼，也可做肉，还可做豆腐和蔬菜。锅塌豆腐著名山东菜，成菜呈深黄色，外形整齐，入口鲜香,营养丰富。此菜原料层层叠起豆腐经过调料浸渍，蘸蛋液经油煎，加以鸡汤微火塌制，十分入味，豆腐蛋白质丰富，其生理价值比其他植物蛋白质高，可与肉类蛋白质媲美;含钙量也高，且易于吸收;虾子富含钙、磷等，有助于促进骨骼、牙齿、大脑等生长发育，并增强抵抗力，防止佝偻病、肌肉松弛等。', 6, 'new'),
(54, '经典锅塌豆腐\n', 'https://res1.hoto.cn/02f5f82f59633f0df444eb88.jpg!default', '“锅塌”是山东菜独有的一种烹调方法，它可做鱼，也可做肉，还可做豆腐和蔬菜。锅塌豆腐著名山东菜，成菜呈深黄色，外形整齐，入口鲜香,营养丰富。此菜原料层层叠起豆腐经过调料浸渍，蘸蛋液经油煎，加以鸡汤微火塌制，十分入味，豆腐蛋白质丰富，其生理价值比其他植物蛋白质高，可与肉类蛋白质媲美;含钙量也高，且易于吸收;虾子富含钙、磷等，有助于促进骨骼、牙齿、大脑等生长发育，并增强抵抗力，防止佝偻病、肌肉松弛等。', 6, 'new'),
(55, '经典锅塌豆腐\n', 'https://res1.hoto.cn/02f5f82f59633f0df444eb88.jpg!default', '“锅塌”是山东菜独有的一种烹调方法，它可做鱼，也可做肉，还可做豆腐和蔬菜。锅塌豆腐著名山东菜，成菜呈深黄色，外形整齐，入口鲜香,营养丰富。此菜原料层层叠起豆腐经过调料浸渍，蘸蛋液经油煎，加以鸡汤微火塌制，十分入味，豆腐蛋白质丰富，其生理价值比其他植物蛋白质高，可与肉类蛋白质媲美;含钙量也高，且易于吸收;虾子富含钙、磷等，有助于促进骨骼、牙齿、大脑等生长发育，并增强抵抗力，防止佝偻病、肌肉松弛等。', 6, 'new'),
(56, '经典锅塌豆腐\n', 'https://res1.hoto.cn/02f5f82f59633f0df444eb88.jpg!default', '“锅塌”是山东菜独有的一种烹调方法，它可做鱼，也可做肉，还可做豆腐和蔬菜。锅塌豆腐著名山东菜，成菜呈深黄色，外形整齐，入口鲜香,营养丰富。此菜原料层层叠起豆腐经过调料浸渍，蘸蛋液经油煎，加以鸡汤微火塌制，十分入味，豆腐蛋白质丰富，其生理价值比其他植物蛋白质高，可与肉类蛋白质媲美;含钙量也高，且易于吸收;虾子富含钙、磷等，有助于促进骨骼、牙齿、大脑等生长发育，并增强抵抗力，防止佝偻病、肌肉松弛等。', 6, 'new');

-- --------------------------------------------------------

--
-- 表的结构 `pre_foodcate`
--

CREATE TABLE IF NOT EXISTS `pre_foodcate` (
  `id` int(10) unsigned NOT NULL AUTO_INCREMENT,
  `name` varchar(255) DEFAULT NULL,
  PRIMARY KEY (`id`)
) ENGINE=InnoDB  DEFAULT CHARSET=utf8 AUTO_INCREMENT=17 ;

--
-- 转存表中的数据 `pre_foodcate`
--

INSERT INTO `pre_foodcate` (`id`, `name`) VALUES
(1, '粤菜'),
(2, '川菜'),
(3, '东北菜'),
(4, '咸香'),
(5, '烧烤'),
(6, '烤箱'),
(7, '面食'),
(8, '早餐'),
(9, '午餐'),
(10, '下午茶'),
(11, '水煮'),
(12, '聚会'),
(13, '中秋节'),
(14, '情人节'),
(15, '日本料理'),
(16, '韩国料理');

-- --------------------------------------------------------

--
-- 表的结构 `pre_user`
--

CREATE TABLE IF NOT EXISTS `pre_user` (
  `id` int(10) unsigned NOT NULL AUTO_INCREMENT COMMENT '主键',
  `nickname` varchar(255) DEFAULT NULL COMMENT '用户名',
  `avatar` varchar(255) DEFAULT NULL COMMENT '头像',
  `gender` tinyint(4) DEFAULT '1' COMMENT '性别',
  `createtime` int(11) DEFAULT NULL COMMENT '注册时间',
  `openid` varchar(255) NOT NULL COMMENT 'openid',
  PRIMARY KEY (`id`)
) ENGINE=InnoDB  DEFAULT CHARSET=utf8 COMMENT='用户表' AUTO_INCREMENT=3 ;

--
-- 转存表中的数据 `pre_user`
--

INSERT INTO `pre_user` (`id`, `nickname`, `avatar`, `gender`, `createtime`, `openid`) VALUES
(1, 'AlanScott', NULL, 1, 1568608551, 'o81EA0d4UKnbkG0t5m6PZfnFQuiY'),
(2, 'Visionaries', NULL, 1, 1568964297, 'ovAOg4o7XFsGWrFhpoHUfHRf8nOw');

--
-- 限制导出的表
--

--
-- 限制表 `pre_collection`
--
ALTER TABLE `pre_collection`
  ADD CONSTRAINT `foreign_collection_foodid` FOREIGN KEY (`foodid`) REFERENCES `pre_food` (`id`) ON DELETE CASCADE ON UPDATE NO ACTION,
  ADD CONSTRAINT `foreign_collection_userid` FOREIGN KEY (`userid`) REFERENCES `pre_user` (`id`) ON DELETE CASCADE ON UPDATE NO ACTION;

--
-- 限制表 `pre_food`
--
ALTER TABLE `pre_food`
  ADD CONSTRAINT `forgin_cateid` FOREIGN KEY (`cateid`) REFERENCES `pre_foodcate` (`id`) ON DELETE CASCADE ON UPDATE NO ACTION;

/*!40101 SET CHARACTER_SET_CLIENT=@OLD_CHARACTER_SET_CLIENT */;
/*!40101 SET CHARACTER_SET_RESULTS=@OLD_CHARACTER_SET_RESULTS */;
/*!40101 SET COLLATION_CONNECTION=@OLD_COLLATION_CONNECTION */;
